<?xml version="1.0" encoding="utf-8"?>
<!DOCTYPE hibernate-mapping PUBLIC "-//Hibernate/Hibernate Mapping DTD 3.0//EN"
"http://www.hibernate.org/dtd/hibernate-mapping-3.0.dtd">
<!-- 
    Mapping file autogenerated by MyEclipse Persistence Tools
-->
<hibernate-mapping>
    <class name="com.pk.dao.Shopticket" table="shopticket" catalog="software">
        <id name="num" type="java.lang.Integer">
            <column name="Num" />
            <generator class="assigned" />
        </id>
        <property name="goodId" type="java.lang.Integer">
            <column name="GoodID" />
        </property>
        <property name="goodName" type="java.lang.String">
            <column name="GoodName" />
        </property>
        <property name="goodPrice" type="java.lang.Double">
            <column name="GoodPrice" precision="10" scale="0" />
        </property>
    </class>
</hibernate-mapping>
